{"count":1,"self":24.047815999999997,"total":24.5217901,"children":{"InitializeActuators":{"count":10,"self":0.0089674,"total":0.0089674,"children":null},"InitializeSensors":{"count":10,"self":0.013953499999999999,"total":0.013953499999999999,"children":null},"AgentSendState":{"count":784,"self":0.0444298,"total":0.33331849999999996,"children":{"CollectObservations":{"count":1570,"self":0.15684389999999998,"total":0.15684389999999998,"children":null},"WriteActionMask":{"count":1570,"self":0.010016899999999999,"total":0.010016899999999999,"children":null},"RequestDecision":{"count":1570,"self":0.1220279,"total":0.1220279,"children":null}}},"DecideAction":{"count":784,"self":0.065428699999999992,"total":0.065428699999999992,"children":null},"AgentAct":{"count":784,"self":0.050314399999999995,"total":0.050314399999999995,"children":null}},"gauges":{"freeRoom_multi_ppo.CumulativeReward":{"count":3,"max":2.88199854,"min":0.944000065,"runningAverage":1.91799963,"value":2.88199854,"weightedAverage":1.6129998}},"metadata":{"timer_format_version":"0.1.0","start_time_seconds":"1660275607","unity_version":"2021.3.7f1","command_line_arguments":"C:\\Program Files\\Unity\\Hub\\Editor\\2021.3.7f1\\Editor\\Unity.exe -projectpath C:\\Users\\yuta04\\ML-Agents\\Multi-Agent_EL_School -useHub -hubIPC -cloudEnvironment production -licensingIpc LicenseClient-yuta04 -hubSessionId c9dcafa0-19e2-11ed-8754-89d0da3441c2 -accessToken rS_LbCK-PxcRiwk3Tpx6r2-YiKu3JUZ_p8LSYqneW8M00ef","communication_protocol_version":"1.5.0","com.unity.ml-agents_version":"2.2.1-exp.1","scene_name":"FreeRoom_Multi_ppo","end_time_seconds":"1660275632"}}